t,a,v,e,n
0,0,0,0,0
0.01,3.89E-04,0.10997,0,3.89E-04
0.02,0.0028233,0.57864,0,0.0028233
0.03,0.0098409,1.4063,0,0.0098409
0.04,0.023981,2.5932,0,0.023981
0.05,0.047404,4.0319,0,0.047404
0.06,0.081355,5.571,0,0.081355
0.07,0.12622,7.1203,0,0.12622
0.08,0.18208,8.6772,0,0.18208
0.09,0.24896,10.242,0,0.24896
0.1,0.32694,11.813,0,0.32694
0.11,0.41604,13.389,0,0.41604
0.12,0.51628,14.962,0,0.51628
0.13,0.62762,16.532,0,0.62762
0.14,0.75007,18.1,0,0.75007
0.15,0.88359,19.666,0,0.88359
0.16,1.0282,21.228,0,1.0282
0.17,1.1838,22.789,0,1.1838
0.18,1.3504,24.346,0,1.3504
0.19,1.5281,25.902,0,1.5281
0.2,1.7167,27.456,0,1.7167
0.21,1.9164,29.011,0,1.9164
0.22,2.127,30.567,0,2.127
0.23,2.3487,32.123,0,2.3487
0.24,2.5813,33.68,0,2.5813
0.25,2.825,35.238,0,2.825
0.26,3.0797,36.797,0,3.0797
0.27,3.3454,38.356,0,3.3454
0.28,3.6221,39.916,0,3.6221
0.29,3.9099,41.477,0,3.9099
0.3,4.2087,43.038,0,4.2087
0.31,4.5185,44.6,0,4.5185
0.32,4.8394,46.163,0,4.8394
0.33,5.1714,47.726,0,5.1714
0.345,5.6895,50.073,-8.07E-08,5.6906
0.3675,6.5112,53.595,-5.11E-07,6.5181
0.40125,7.8443,58.887,-1.88E-06,7.8693
0.45125,10.042,66.757,-5.59E-06,10.114
0.50125,12.505,74.665,-1.15E-05,12.649
0.55125,15.237,82.612,-1.96E-05,15.477
0.60125,18.239,90.596,-3.02E-05,18.598
0.65125,21.511,98.617,-4.35E-05,22.014
0.70125,25.055,106.67,-5.95E-05,25.726
0.75125,28.873,114.77,-7.85E-05,29.735
0.80125,32.965,122.89,-1.01E-04,34.042
0.85125,37.332,131.06,-1.26E-04,38.65
0.90125,41.976,139.25,-1.55E-04,43.559
0.95125,46.896,147.48,-1.87E-04,48.772
1.0013,52.094,155.74,-2.22E-04,54.29
1.0513,57.569,164.05,-2.61E-04,60.116
1.1013,63.322,172.4,-3.03E-04,66.252
1.1513,69.352,180.79,-3.48E-04,72.701
1.2013,75.66,189.23,-3.97E-04,79.468
1.2513,82.244,197.7,-4.51E-04,86.554
1.3013,89.105,206.22,-5.10E-04,93.963
1.3513,96.242,214.77,-5.77E-04,101.7
1.4013,103.65,223.36,-6.54E-04,109.76
1.4513,111.34,231.98,-7.42E-04,118.16
1.5013,119.3,240.64,-8.43E-04,126.89
1.5513,127.53,249.33,-9.57E-04,135.96
1.6013,136.05,258.05,-0.0010847,145.37
1.6513,144.83,266.8,-0.0012252,155.11
1.7013,153.9,275.57,-0.0013783,165.19
1.7513,163.25,284.37,-0.0015427,175.61
1.8013,172.89,293.19,-0.0017176,186.36
1.8513,182.81,302.02,-0.0019016,197.45
1.9013,193.02,310.86,-0.0020933,208.88
1.9513,203.51,319.72,-0.0022933,220.64
2.0013,214.29,328.6,-0.0025039,232.74
2.0513,225.36,337.5,-0.0027281,245.19
2.1013,236.7,346.41,-0.0029681,257.98
2.1513,248.33,355.35,-0.0032232,271.12
2.2013,260.23,364.29,-0.0034889,284.61
2.2513,272.42,373.22,-0.003761,298.44
2.3013,284.89,382.13,-0.0040367,312.62
2.3513,297.64,391.01,-0.0043159,327.15
2.4012,310.68,399.87,-0.004604,342.02
2.4512,324,408.71,-0.0049062,357.22
2.5012,337.6,417.52,-0.0052267,372.77
2.5512,351.47,426.31,-0.0055683,388.66
2.6012,365.62,435.07,-0.0059291,404.9
2.6512,380.03,443.8,-0.0063047,421.48
2.7012,394.73,452.5,-0.006691,438.39
2.7512,409.7,461.18,-0.0070842,455.65
2.8012,424.94,469.82,-0.007492,473.23
2.8512,440.46,478.43,-0.0079187,491.16
2.9012,456.23,487.01,-0.0083618,509.43
2.9512,472.28,495.53,-0.0088123,528.02
3.0012,488.59,503.97,-0.0092654,546.95
3.0512,505.17,512.35,-0.0097268,566.21
3.1012,522.01,520.64,-0.010206,585.79
3.1512,539.1,528.86,-0.010697,605.7
3.2012,556.44,537.01,-0.01119,625.93
3.2512,574.04,545.08,-0.011687,646.47
3.3012,591.89,553.07,-0.0122,667.34
3.3512,609.98,560.99,-0.012731,688.51
3.4012,628.31,568.83,-0.013277,709.99
3.4512,646.89,576.59,-0.013832,731.79
3.5012,665.71,584.28,-0.014397,753.88
3.5512,684.76,591.88,-0.01497,776.28
3.6012,704.04,599.41,-0.015553,798.98
3.6512,723.56,606.86,-0.016142,821.97
3.7012,743.3,614.12,-0.016741,845.25
3.7512,763.25,621,-0.017364,868.81
3.8012,783.41,627.5,-0.018012,892.64
3.8512,803.77,633.62,-0.018664,916.72
3.9012,824.3,639.36,-0.019309,941.04
3.9512,844.99,644.72,-0.019957,965.58
4.0012,865.84,649.7,-0.020633,990.33
4.0512,886.83,654.3,-0.021331,1015.3
4.1012,907.96,658.51,-0.022032,1040.4
4.1512,929.19,662.35,-0.02274,1065.7
4.2012,950.53,665.85,-0.023453,1091.1
4.2512,971.97,669.19,-0.024182,1116.7
4.3012,993.5,672.39,-0.02493,1142.4
4.3512,1015.1,675.46,-0.025691,1168.3
4.4012,1036.8,678.39,-0.026454,1194.2
4.4512,1058.6,681.17,-0.027207,1220.3
4.5012,1080.5,683.82,-0.027967,1246.5
4.5512,1102.4,686.19,-0.028747,1272.9
4.6012,1124.3,688.2,-0.02956,1299.3
4.6512,1146.4,689.86,-0.03038,1325.8
4.7012,1168.4,691.17,-0.031165,1352.3
4.7512,1190.5,692.13,-0.031904,1379
4.8012,1212.6,692.74,-0.03263,1405.6
4.8512,1234.7,693.01,-0.033371,1432.3
4.9012,1256.7,692.94,-0.034144,1459
4.9512,1278.8,692.67,-0.034925,1485.7
5.0012,1300.8,692.24,-0.035688,1512.4
5.0512,1322.8,691.63,-0.036431,1539.1
5.1012,1344.8,690.86,-0.037168,1565.8
5.1512,1366.7,689.92,-0.037916,1592.5
5.2012,1388.6,688.82,-0.038688,1619.1
5.2512,1410.4,687.56,-0.039483,1645.7
5.3012,1432.2,686.13,-0.040284,1672.3
5.3512,1453.9,684.54,-0.041082,1698.8
5.4012,1475.5,682.78,-0.041876,1725.3
5.4512,1497,680.87,-0.04268,1751.7
5.5012,1518.5,678.8,-0.043487,1778
5.5512,1539.9,676.61,-0.044269,1804.3
5.6012,1561.2,674.31,-0.04503,1830.5
5.6512,1582.5,671.9,-0.045786,1856.6
5.7012,1603.6,669.38,-0.046555,1882.7
5.7512,1624.6,666.76,-0.047343,1908.6
5.8012,1645.5,664.02,-0.048123,1934.5
5.8512,1666.4,661.18,-0.048891,1960.3
5.9012,1687.1,658.23,-0.049668,1985.9
5.9512,1707.7,655.18,-0.050461,2011.5
6.0012,1728.2,652.02,-0.051248,2036.9
6.0512,1748.6,648.75,-0.052009,2062.3
6.1012,1768.8,645.39,-0.052751,2087.5
6.1512,1789,641.92,-0.053492,2112.6
6.2012,1809,638.3,-0.054227,2137.6
6.2512,1828.9,634.52,-0.05494,2162.4
6.3012,1848.6,630.59,-0.055632,2187.1
6.3512,1868.2,626.53,-0.056323,2211.7
6.4012,1887.7,622.51,-0.057024,2236.1
6.4512,1907,618.54,-0.057733,2260.4
6.5012,1926.2,614.61,-0.058423,2284.5
6.5512,1945.2,610.73,-0.059087,2308.5
6.6012,1964.1,606.89,-0.059739,2332.4
6.6512,1982.9,603.1,-0.060396,2356.1
6.7012,2001.5,599.36,-0.061062,2379.7
6.7512,2020,595.66,-0.061722,2403.1
6.8012,2038.4,592,-0.062357,2426.5
6.8512,2056.7,588.38,-0.062979,2449.7
6.9012,2074.8,584.81,-0.06361,2472.7
6.9512,2092.8,581.27,-0.064245,2495.7
7.0012,2110.6,577.78,-0.064853,2518.5
7.0512,2128.4,574.33,-0.065434,2541.2
7.1012,2146,570.91,-0.066012,2563.7
7.1512,2163.5,567.53,-0.066599,2586.2
7.2012,2180.9,564.19,-0.067193,2608.5
7.2512,2198.1,560.89,-0.067773,2630.7
7.3012,2215.3,557.62,-0.068329,2652.8
7.3512,2232.3,554.39,-0.06887,2674.8
7.4012,2249.2,551.2,-0.069408,2696.6
7.4512,2266,548.04,-0.069948,2718.4
7.5012,2282.7,544.91,-0.070479,2740
7.5512,2299.3,541.82,-0.071,2761.6
7.6012,2315.7,538.76,-0.071519,2783
7.6512,2332.1,535.73,-0.072031,2804.3
7.7012,2348.3,532.73,-0.072527,2825.5
7.7512,2364.5,529.77,-0.073006,2846.6
7.8012,2380.5,526.84,-0.073482,2867.6
7.8512,2396.4,523.94,-0.073962,2888.5
7.9012,2412.3,521.07,-0.074439,2909.2
7.9512,2428,518.23,-0.0749,2929.9
8.0012,2443.6,515.42,-0.075345,2950.5
8.0512,2459.1,512.63,-0.075791,2971
8.1012,2474.5,509.88,-0.076245,2991.4
8.1512,2489.9,507.16,-0.076691,3011.7
8.2012,2505.1,504.46,-0.077114,3031.9
8.2512,2520.2,501.79,-0.077517,3052
8.3012,2535.2,499.14,-0.077913,3072
8.3512,2550.1,496.52,-0.07831,3091.9
8.4012,2565,493.93,-0.078693,3111.8
8.4512,2579.7,491.37,-0.079056,3131.5
8.5012,2594.4,488.83,-0.079406,3151.1
8.5512,2608.9,486.31,-0.079751,3170.7
8.6012,2623.4,483.82,-0.080092,3190.2
8.6512,2637.7,481.35,-0.080422,3209.6
8.7012,2652,478.91,-0.080734,3228.9
8.7512,2666.2,476.49,-0.081034,3248.1
8.8012,2680.3,474.09,-0.081328,3267.2
8.8512,2694.3,471.72,-0.081611,3286.2
8.9012,2708.3,469.37,-0.08188,3305.2
8.9512,2722.1,467.04,-0.082139,3324.1
9.0015,2735.9,455.43,-0.082393,3343
9.003,2736.3,454.93,-0.082401,3343.5
9.0044,2736.7,454.43,-0.082408,3344.1
9.0059,2737.1,453.93,-0.082415,3344.6
9.0074,2737.5,453.43,-0.082423,3345.2
9.0089,2737.9,452.93,-0.08243,3345.7
9.0104,2738.4,452.43,-0.082437,3346.3
9.0119,2738.8,451.93,-0.082445,3346.9
9.0134,2739.2,451.43,-0.082452,3347.4
9.0149,2739.6,450.93,-0.082459,3348
9.0164,2740,450.43,-0.082467,3348.5
9.018,2740.4,449.93,-0.082474,3349.1
9.0195,2740.8,449.43,-0.082482,3349.7
9.021,2741.2,448.93,-0.082489,3350.2
9.0225,2741.6,448.43,-0.082496,3350.8
9.024,2742,447.93,-0.082504,3351.4
9.0256,2742.5,447.43,-0.082511,3351.9
9.0271,2742.9,446.93,-0.082518,3352.5
9.0287,2743.3,446.43,-0.082526,3353.1
9.0302,2743.7,445.92,-0.082533,3353.6
9.0317,2744.1,445.42,-0.08254,3354.2
9.0333,2744.5,444.92,-0.082548,3354.8
9.0348,2744.9,444.42,-0.082555,3355.3
9.0364,2745.4,443.92,-0.082562,3355.9
9.038,2745.8,443.42,-0.08257,3356.5
9.0395,2746.2,442.92,-0.082577,3357
9.0411,2746.6,442.42,-0.082584,3357.6
9.0427,2747,441.92,-0.082592,3358.2
9.0442,2747.4,441.42,-0.082599,3358.8
9.0458,2747.9,440.92,-0.082607,3359.3
9.0474,2748.3,440.42,-0.082614,3359.9
9.049,2748.7,439.92,-0.082621,3360.5
9.0506,2749.1,439.42,-0.082629,3361.1
9.0522,2749.5,438.92,-0.082636,3361.6
9.0538,2750,438.42,-0.082643,3362.2
9.0554,2750.4,437.92,-0.082651,3362.8
9.057,2750.8,437.42,-0.082658,3363.4
9.0586,2751.2,436.92,-0.082665,3363.9
9.0602,2751.6,436.41,-0.082673,3364.5
9.0618,2752.1,435.91,-0.08268,3365.1
9.0634,2752.5,435.41,-0.082687,3365.7
9.065,2752.9,434.91,-0.082695,3366.3
9.0666,2753.3,434.41,-0.082702,3366.9
9.0683,2753.8,433.91,-0.082709,3367.4
9.0699,2754.2,433.41,-0.082717,3368
9.0715,2754.6,432.91,-0.082724,3368.6
9.0732,2755,432.41,-0.082731,3369.2
9.0748,2755.5,431.91,-0.082739,3369.8
9.0765,2755.9,431.41,-0.082746,3370.4
9.0781,2756.3,430.91,-0.082753,3370.9
9.0798,2756.7,430.41,-0.082761,3371.5
9.0814,2757.2,429.91,-0.082768,3372.1
9.0831,2757.6,429.41,-0.082775,3372.7
9.0848,2758,428.91,-0.082783,3373.3
9.0864,2758.5,428.41,-0.08279,3373.9
9.0881,2758.9,427.91,-0.082797,3374.5
9.0898,2759.3,427.41,-0.082805,3375.1
9.0915,2759.8,426.91,-0.082812,3375.7
9.0932,2760.2,426.4,-0.082819,3376.3
9.0949,2760.6,425.9,-0.082827,3376.9
9.0965,2761.1,425.4,-0.082834,3377.5
9.0982,2761.5,424.9,-0.082841,3378.1
9.0999,2761.9,424.4,-0.082849,3378.7
9.1017,2762.4,423.9,-0.082856,3379.3
9.1034,2762.8,423.4,-0.082863,3379.9
9.1051,2763.2,422.9,-0.082871,3380.4
9.1068,2763.7,422.4,-0.082878,3381
9.1085,2764.1,421.9,-0.082885,3381.7
9.1102,2764.5,421.4,-0.082893,3382.3
9.112,2765,420.9,-0.0829,3382.9
9.1137,2765.4,420.4,-0.082907,3383.5
9.1155,2765.8,419.9,-0.082915,3384.1
9.1172,2766.3,419.4,-0.082922,3384.7
9.1189,2766.7,418.9,-0.082929,3385.3
9.1207,2767.2,418.4,-0.082937,3385.9
9.1224,2767.6,417.9,-0.082944,3386.5
9.1242,2768,417.4,-0.082951,3387.1
9.126,2768.5,416.89,-0.082958,3387.7
9.1277,2768.9,416.39,-0.082966,3388.3
9.1295,2769.4,415.89,-0.082973,3388.9
9.1313,2769.8,415.39,-0.08298,3389.5
9.1331,2770.3,414.89,-0.082988,3390.1
9.1349,2770.7,414.39,-0.082995,3390.8
9.1366,2771.1,413.89,-0.083002,3391.4
9.1384,2771.6,413.39,-0.08301,3392
9.1402,2772,412.89,-0.083017,3392.6
9.142,2772.5,412.39,-0.083024,3393.2
9.1438,2772.9,411.89,-0.083031,3393.8
9.1457,2773.4,411.39,-0.083039,3394.4
9.1475,2773.8,410.89,-0.083046,3395.1
9.1493,2774.3,410.39,-0.083053,3395.7
9.1511,2774.7,409.89,-0.08306,3396.3
9.153,2775.2,409.39,-0.083068,3396.9
9.1548,2775.6,408.89,-0.083075,3397.5
9.1566,2776.1,408.39,-0.083082,3398.2
9.1585,2776.5,407.89,-0.08309,3398.8
9.1603,2777,407.39,-0.083097,3399.4
9.1622,2777.4,406.88,-0.083104,3400
9.164,2777.9,406.38,-0.083111,3400.7
9.1659,2778.3,405.88,-0.083119,3401.3
9.1677,2778.8,405.38,-0.083126,3401.9
9.1696,2779.2,404.88,-0.083133,3402.5
9.1715,2779.7,404.38,-0.08314,3403.2
9.1734,2780.1,403.88,-0.083148,3403.8
9.1753,2780.6,403.38,-0.083155,3404.4
9.1771,2781.1,402.88,-0.083162,3405.1
9.179,2781.5,402.38,-0.083169,3405.7
9.1809,2782,401.88,-0.083176,3406.3
9.1828,2782.4,401.38,-0.083184,3406.9
9.1847,2782.9,400.88,-0.083191,3407.6
9.1867,2783.3,400.38,-0.083198,3408.2
9.1886,2783.8,399.88,-0.083205,3408.9
9.1905,2784.3,399.38,-0.083212,3409.5
9.1924,2784.7,398.88,-0.08322,3410.1
9.1944,2785.2,398.38,-0.083227,3410.8
9.1963,2785.6,397.88,-0.083234,3411.4
9.1982,2786.1,397.37,-0.083241,3412
9.2002,2786.6,396.87,-0.083248,3412.7
9.2021,2787,396.37,-0.083256,3413.3
9.2041,2787.5,395.87,-0.083263,3414
9.206,2788,395.37,-0.08327,3414.6
9.208,2788.4,394.87,-0.083277,3415.3
9.21,2788.9,394.37,-0.083284,3415.9
9.212,2789.4,393.87,-0.083292,3416.5
9.2139,2789.8,393.37,-0.083299,3417.2
9.2159,2790.3,392.87,-0.083306,3417.8
9.2179,2790.8,392.37,-0.083313,3418.5
9.2199,2791.2,391.87,-0.08332,3419.1
9.2219,2791.7,391.37,-0.083327,3419.8
9.2239,2792.2,390.87,-0.083334,3420.4
9.2259,2792.6,390.37,-0.083342,3421.1
9.2279,2793.1,389.87,-0.083349,3421.7
9.23,2793.6,389.37,-0.083356,3422.4
9.232,2794,388.87,-0.083363,3423.1
9.234,2794.5,388.37,-0.08337,3423.7
9.2361,2795,387.87,-0.083377,3424.4
9.2381,2795.5,387.36,-0.083384,3425
9.2401,2795.9,386.86,-0.083391,3425.7
9.2422,2796.4,386.36,-0.083398,3426.3
9.2443,2796.9,385.86,-0.083406,3427
9.2463,2797.4,385.36,-0.083413,3427.7
9.2484,2797.8,384.86,-0.08342,3428.3
9.2505,2798.3,384.36,-0.083427,3429
9.2525,2798.8,383.86,-0.083434,3429.6
9.2546,2799.3,383.36,-0.083441,3430.3
9.2567,2799.8,382.86,-0.083448,3431
9.2588,2800.2,382.36,-0.083455,3431.6
9.2609,2800.7,381.86,-0.083462,3432.3
9.263,2801.2,381.36,-0.083469,3433
9.2651,2801.7,380.86,-0.083476,3433.6
9.2672,2802.2,380.36,-0.083483,3434.3
9.2694,2802.6,379.86,-0.08349,3435
9.2715,2803.1,379.36,-0.083497,3435.7
9.2736,2803.6,378.86,-0.083504,3436.3
9.2758,2804.1,378.36,-0.083511,3437
9.2779,2804.6,377.86,-0.083518,3437.7
9.2801,2805.1,377.35,-0.083525,3438.4
9.2822,2805.5,376.85,-0.083532,3439
9.2844,2806,376.35,-0.083539,3439.7
9.2866,2806.5,375.85,-0.083546,3440.4
9.2887,2807,375.35,-0.083553,3441.1
9.2909,2807.5,374.85,-0.08356,3441.7
9.2931,2808,374.35,-0.083567,3442.4
9.2953,2808.5,373.85,-0.083574,3443.1
9.2975,2809,373.35,-0.083581,3443.8
9.2997,2809.5,372.85,-0.083588,3444.5
9.3019,2809.9,372.35,-0.083595,3445.2
9.3041,2810.4,371.85,-0.083602,3445.8
9.3063,2810.9,371.35,-0.083608,3446.5
9.3086,2811.4,370.85,-0.083615,3447.2
9.3108,2811.9,370.35,-0.083622,3447.9
9.313,2812.4,369.85,-0.083629,3448.6
9.3153,2812.9,369.35,-0.083636,3449.3
9.3175,2813.4,368.85,-0.083643,3450
9.3198,2813.9,368.35,-0.08365,3450.7
9.322,2814.4,367.85,-0.083657,3451.4
9.3243,2814.9,367.35,-0.083663,3452.1
9.3266,2815.4,366.84,-0.08367,3452.8
9.3289,2815.9,366.34,-0.083677,3453.5
9.3312,2816.4,365.84,-0.083684,3454.2
9.3334,2816.9,365.34,-0.083691,3454.9
9.3357,2817.4,364.84,-0.083698,3455.6
9.3381,2817.9,364.34,-0.083704,3456.3
9.3404,2818.4,363.84,-0.083711,3457
9.3427,2818.9,363.34,-0.083718,3457.7
9.345,2819.4,362.84,-0.083725,3458.4
9.3473,2819.9,362.34,-0.083731,3459.1
9.3497,2820.4,361.84,-0.083738,3459.8
9.352,2820.9,361.34,-0.083745,3460.5
9.3544,2821.4,360.84,-0.083752,3461.2
9.3567,2821.9,360.34,-0.083758,3461.9
9.3591,2822.4,359.84,-0.083765,3462.6
9.3615,2822.9,359.34,-0.083772,3463.3
9.3638,2823.5,358.84,-0.083778,3464
9.3662,2824,358.34,-0.083785,3464.7
9.3686,2824.5,357.84,-0.083792,3465.5
9.371,2825,357.34,-0.083798,3466.2
9.3734,2825.5,356.84,-0.083805,3466.9
9.3758,2826,356.33,-0.083812,3467.6
9.3782,2826.5,355.83,-0.083818,3468.3
9.3807,2827,355.33,-0.083825,3469
9.3831,2827.5,354.83,-0.083832,3469.8
9.3855,2828.1,354.33,-0.083838,3470.5
9.388,2828.6,353.83,-0.083845,3471.2
9.3904,2829.1,353.33,-0.083851,3471.9
9.3929,2829.6,352.83,-0.083858,3472.7
9.3954,2830.1,352.33,-0.083865,3473.4
9.3978,2830.6,351.83,-0.083871,3474.1
9.4003,2831.2,351.33,-0.083878,3474.8
9.4028,2831.7,350.83,-0.083884,3475.6
9.4053,2832.2,350.33,-0.083891,3476.3
9.4078,2832.7,349.83,-0.083897,3477
9.4103,2833.2,349.33,-0.083904,3477.8
9.4128,2833.8,348.83,-0.08391,3478.5
9.4153,2834.3,348.33,-0.083917,3479.2
9.4178,2834.8,347.83,-0.083923,3480
9.4204,2835.3,347.33,-0.083929,3480.7
9.4229,2835.9,346.83,-0.083936,3481.4
9.4255,2836.4,346.33,-0.083942,3482.2
9.428,2836.9,345.83,-0.083949,3482.9
9.4306,2837.4,345.32,-0.083955,3483.7
9.4332,2838,344.82,-0.083961,3484.4
9.4357,2838.5,344.32,-0.083968,3485.1
9.4383,2839,343.82,-0.083974,3485.9
9.4409,2839.6,343.32,-0.08398,3486.6
9.4435,2840.1,342.82,-0.083987,3487.4
9.4461,2840.6,342.32,-0.083993,3488.1
9.4488,2841.1,341.82,-0.083999,3488.9
9.4514,2841.7,341.32,-0.084006,3489.6
9.454,2842.2,340.82,-0.084012,3490.4
9.4566,2842.7,340.32,-0.084018,3491.1
9.4593,2843.3,339.82,-0.084024,3491.9
9.4619,2843.8,339.32,-0.084031,3492.6
9.4646,2844.4,338.82,-0.084037,3493.4
9.4673,2844.9,338.32,-0.084043,3494.1
9.47,2845.4,337.82,-0.084049,3494.9
9.4726,2846,337.32,-0.084055,3495.7
9.4753,2846.5,336.82,-0.084062,3496.4
9.478,2847,336.32,-0.084068,3497.2
9.4807,2847.6,335.82,-0.084074,3498
9.4835,2848.1,335.32,-0.08408,3498.7
9.4862,2848.7,334.82,-0.084086,3499.5
9.4889,2849.2,334.32,-0.084092,3500.2
9.4917,2849.8,333.81,-0.084098,3501
9.4944,2850.3,333.31,-0.084104,3501.8
9.4972,2850.8,332.81,-0.08411,3502.6
9.4999,2851.4,332.31,-0.084116,3503.3
9.5027,2851.9,331.81,-0.084122,3504.1
9.5055,2852.5,331.31,-0.084128,3504.9
9.5083,2853,330.81,-0.084134,3505.7
9.5111,2853.6,330.31,-0.08414,3506.4
9.5139,2854.1,329.81,-0.084146,3507.2
9.5167,2854.7,329.31,-0.084152,3508
9.5195,2855.2,328.81,-0.084158,3508.8
9.5224,2855.8,328.31,-0.084163,3509.5
9.5252,2856.3,327.81,-0.084169,3510.3
9.5281,2856.9,327.31,-0.084175,3511.1
9.5309,2857.4,326.81,-0.084181,3511.9
9.5338,2858,326.31,-0.084187,3512.7
9.5367,2858.6,325.81,-0.084193,3513.5
9.5395,2859.1,325.31,-0.084198,3514.3
9.5424,2859.7,324.81,-0.084204,3515
9.5453,2860.2,324.31,-0.08421,3515.8
9.5483,2860.8,323.81,-0.084215,3516.6
9.5512,2861.4,323.31,-0.084221,3517.4
9.5541,2861.9,322.81,-0.084227,3518.2
9.557,2862.5,322.31,-0.084232,3519
9.56,2863,321.81,-0.084238,3519.8
9.5629,2863.6,321.31,-0.084244,3520.6
9.5659,2864.2,320.8,-0.084249,3521.4
9.5689,2864.7,320.3,-0.084255,3522.2
9.5719,2865.3,319.8,-0.08426,3523
9.5749,2865.9,319.3,-0.084266,3523.8
9.5779,2866.4,318.8,-0.084271,3524.6
9.5809,2867,318.3,-0.084277,3525.4
9.5839,2867.6,317.8,-0.084282,3526.2
9.5869,2868.1,317.3,-0.084287,3527.1
9.59,2868.7,316.8,-0.084293,3527.9
9.593,2869.3,316.3,-0.084298,3528.7
9.5961,2869.8,315.8,-0.084304,3529.5
9.5991,2870.4,315.3,-0.084309,3530.3
9.6022,2871,314.8,-0.084314,3531.1
9.6053,2871.6,314.3,-0.084319,3531.9
9.6084,2872.1,313.8,-0.084325,3532.8
9.6115,2872.7,313.3,-0.08433,3533.6
9.6146,2873.3,312.8,-0.084335,3534.4
9.6177,2873.9,312.3,-0.08434,3535.2
9.6209,2874.4,311.8,-0.084346,3536.1
9.624,2875,311.3,-0.084351,3536.9
9.6272,2875.6,310.8,-0.084356,3537.7
9.6303,2876.2,310.3,-0.084361,3538.5
9.6335,2876.8,309.8,-0.084366,3539.4
9.6367,2877.4,309.3,-0.084371,3540.2
9.6399,2877.9,308.8,-0.084376,3541
9.6431,2878.5,308.3,-0.084381,3541.9
9.6463,2879.1,307.8,-0.084386,3542.7
9.6495,2879.7,307.3,-0.084391,3543.5
9.6528,2880.3,306.8,-0.084396,3544.4
9.656,2880.9,306.3,-0.084401,3545.2
9.6593,2881.5,305.8,-0.084405,3546.1
9.6625,2882,305.29,-0.08441,3546.9
9.6658,2882.6,304.79,-0.084415,3547.7
9.6691,2883.2,304.29,-0.08442,3548.6
9.6724,2883.8,303.79,-0.084424,3549.4
9.6757,2884.4,303.29,-0.084429,3550.3
9.679,2885,302.79,-0.084434,3551.1
9.6824,2885.6,302.29,-0.084438,3552
9.6857,2886.2,301.79,-0.084443,3552.8
9.6891,2886.8,301.29,-0.084448,3553.7
9.6924,2887.4,300.79,-0.084452,3554.6
9.6958,2888,300.29,-0.084457,3555.4
9.6992,2888.6,299.79,-0.084461,3556.3
9.7026,2889.2,299.29,-0.084466,3557.1
9.706,2889.8,298.79,-0.08447,3558
9.7094,2890.4,298.29,-0.084474,3558.9
9.7128,2891,297.79,-0.084479,3559.7
9.7163,2891.6,297.29,-0.084483,3560.6
9.7197,2892.2,296.79,-0.084487,3561.5
9.7232,2892.8,296.29,-0.084492,3562.3
9.7267,2893.4,295.79,-0.084496,3563.2
9.7302,2894,295.29,-0.0845,3564.1
9.7337,2894.6,294.79,-0.084504,3564.9
9.7372,2895.2,294.29,-0.084508,3565.8
9.7407,2895.8,293.79,-0.084512,3566.7
9.7442,2896.4,293.29,-0.084516,3567.6
9.7478,2897.1,292.79,-0.084521,3568.5
9.7513,2897.7,292.29,-0.084524,3569.3
9.7549,2898.3,291.79,-0.084528,3570.2
9.7585,2898.9,291.29,-0.084532,3571.1
9.7621,2899.5,290.79,-0.084536,3572
9.7657,2900.1,290.29,-0.08454,3572.9
9.7693,2900.7,289.79,-0.084544,3573.8
9.7729,2901.4,289.29,-0.084548,3574.7
9.7766,2902,288.79,-0.084551,3575.6
9.7802,2902.6,288.29,-0.084555,3576.4
9.7839,2903.2,287.79,-0.084559,3577.3
9.7876,2903.8,287.29,-0.084562,3578.2
9.7913,2904.5,286.79,-0.084566,3579.1
9.795,2905.1,286.29,-0.084569,3580
9.7987,2905.7,285.79,-0.084573,3580.9
9.8024,2906.3,285.29,-0.084576,3581.8
9.8062,2907,284.79,-0.08458,3582.8
9.8099,2907.6,284.29,-0.084583,3583.7
9.8137,2908.2,283.79,-0.084586,3584.6
9.8175,2908.9,283.29,-0.08459,3585.5
9.8213,2909.5,282.79,-0.084593,3586.4
9.8251,2910.1,282.29,-0.084596,3587.3
9.8289,2910.7,281.79,-0.084599,3588.2
9.8327,2911.4,281.29,-0.084602,3589.1
9.8366,2912,280.79,-0.084605,3590.1
9.8404,2912.6,280.29,-0.084608,3591
9.8443,2913.3,279.79,-0.084611,3591.9
9.8482,2913.9,279.29,-0.084614,3592.8
9.8521,2914.6,278.79,-0.084617,3593.8
9.856,2915.2,278.29,-0.08462,3594.7
9.8599,2915.8,277.79,-0.084623,3595.6
9.8639,2916.5,277.29,-0.084625,3596.5
9.8678,2917.1,276.79,-0.084628,3597.5
9.8718,2917.8,276.29,-0.084631,3598.4
9.8758,2918.4,275.79,-0.084633,3599.4
9.8798,2919.1,275.29,-0.084636,3600.3
9.8838,2919.7,274.79,-0.084638,3601.2
9.8878,2920.3,274.29,-0.084641,3602.2
9.8919,2921,273.79,-0.084643,3603.1
9.8959,2921.6,273.29,-0.084646,3604.1
9.9,2922.3,272.79,-0.084648,3605
9.9041,2922.9,272.29,-0.08465,3606
9.9082,2923.6,271.79,-0.084652,3606.9
9.9123,2924.2,271.3,-0.084654,3607.9
9.9164,2924.9,270.8,-0.084656,3608.8
9.9205,2925.6,270.3,-0.084658,3609.8
9.9247,2926.2,269.8,-0.08466,3610.7
9.9289,2926.9,269.3,-0.084662,3611.7
9.9331,2927.5,268.8,-0.084664,3612.7
9.9373,2928.2,268.3,-0.084666,3613.6
9.9415,2928.8,267.8,-0.084668,3614.6
9.9457,2929.5,267.3,-0.084669,3615.6
9.95,2930.2,266.8,-0.084671,3616.5
9.9542,2930.8,266.3,-0.084673,3617.5
9.9585,2931.5,265.8,-0.084674,3618.5
9.9628,2932.2,265.3,-0.084675,3619.4
9.9671,2932.8,264.8,-0.084677,3620.4
9.9714,2933.5,264.3,-0.084678,3621.4
9.9758,2934.2,263.8,-0.084679,3622.4
9.9801,2934.8,263.3,-0.084681,3623.4
9.9845,2935.5,262.81,-0.084682,3624.3
9.9889,2936.2,262.31,-0.084683,3625.3
9.9933,2936.8,261.81,-0.084684,3626.3
9.9977,2937.5,261.31,-0.084685,3627.3
10.002,2938.2,260.81,-0.084686,3628.3
10.007,2938.9,260.31,-0.084686,3629.3
10.011,2939.5,259.81,-0.084687,3630.3
10.016,2940.2,259.31,-0.084688,3631.3
10.02,2940.9,258.81,-0.084689,3632.3
10.025,2941.6,258.31,-0.084689,3633.3
10.029,2942.3,257.81,-0.08469,3634.3
10.034,2943,257.31,-0.08469,3635.3
10.038,2943.6,256.81,-0.08469,3636.3
10.043,2944.3,256.31,-0.084691,3637.3
10.047,2945,255.82,-0.084691,3638.3
10.052,2945.7,255.32,-0.084691,3639.3
10.057,2946.4,254.82,-0.084691,3640.4
10.061,2947.1,254.32,-0.084691,3641.4
10.066,2947.8,253.82,-0.084691,3642.4
10.071,2948.4,253.32,-0.084691,3643.4
10.075,2949.1,252.82,-0.08469,3644.4
10.08,2949.8,252.32,-0.08469,3645.5
10.085,2950.5,251.82,-0.08469,3646.5
10.09,2951.2,251.32,-0.084689,3647.5
10.094,2951.9,250.82,-0.084689,3648.6
10.099,2952.6,250.32,-0.084688,3649.6
10.104,2953.3,249.83,-0.084687,3650.6
10.109,2954,249.33,-0.084686,3651.7
10.114,2954.7,248.83,-0.084685,3652.7
10.119,2955.4,248.33,-0.084685,3653.8
10.124,2956.1,247.83,-0.084683,3654.8
10.128,2956.8,247.33,-0.084682,3655.9
10.133,2957.5,246.83,-0.084681,3656.9
10.138,2958.2,246.33,-0.08468,3658
10.143,2959,245.83,-0.084678,3659
10.148,2959.7,245.33,-0.084677,3660.1
10.153,2960.4,244.84,-0.084675,3661.1
10.158,2961.1,244.34,-0.084674,3662.2
10.163,2961.8,243.84,-0.084672,3663.3
10.168,2962.5,243.34,-0.08467,3664.3
10.174,2963.2,242.84,-0.084668,3665.4
10.179,2963.9,242.34,-0.084666,3666.5
10.184,2964.7,241.84,-0.084664,3667.5
10.189,2965.4,241.34,-0.084662,3668.6
10.194,2966.1,240.84,-0.084659,3669.7
10.199,2966.8,240.34,-0.084657,3670.8
10.205,2967.5,239.85,-0.084654,3671.8
10.21,2968.3,239.35,-0.084652,3672.9
10.215,2969,238.85,-0.084649,3674
10.22,2969.7,238.35,-0.084646,3675.1
10.226,2970.4,237.85,-0.084643,3676.2
10.231,2971.2,237.35,-0.08464,3677.3
10.236,2971.9,236.85,-0.084637,3678.4
10.242,2972.6,236.35,-0.084634,3679.5
10.247,2973.4,235.86,-0.084631,3680.6
10.252,2974.1,235.36,-0.084627,3681.7
10.258,2974.8,234.86,-0.084624,3682.8
10.263,2975.6,234.36,-0.08462,3683.9
10.269,2976.3,233.86,-0.084616,3685
10.274,2977,233.36,-0.084612,3686.1
10.28,2977.8,232.86,-0.084608,3687.2
10.285,2978.5,232.36,-0.084604,3688.3
10.291,2979.3,231.87,-0.0846,3689.5
10.296,2980,231.37,-0.084596,3690.6
10.302,2980.7,230.87,-0.084591,3691.7
10.308,2981.5,230.37,-0.084587,3692.8
10.313,2982.2,229.87,-0.084582,3694
10.319,2983,229.37,-0.084577,3695.1
10.325,2983.7,228.87,-0.084572,3696.2
10.33,2984.5,228.38,-0.084567,3697.4
10.336,2985.2,227.88,-0.084562,3698.5
10.342,2986,227.38,-0.084556,3699.6
10.348,2986.7,226.88,-0.084551,3700.8
10.353,2987.5,226.38,-0.084545,3701.9
10.359,2988.3,225.88,-0.08454,3703.1
10.365,2989,225.39,-0.084534,3704.2
10.371,2989.8,224.89,-0.084528,3705.4
10.377,2990.5,224.39,-0.084522,3706.5
10.383,2991.3,223.89,-0.084516,3707.7
10.389,2992.1,223.39,-0.084509,3708.9
10.395,2992.8,222.89,-0.084503,3710
10.401,2993.6,222.4,-0.084496,3711.2
10.407,2994.3,221.9,-0.084489,3712.4
10.413,2995.1,221.4,-0.084482,3713.5
10.419,2995.9,220.9,-0.084475,3714.7
10.425,2996.7,220.4,-0.084468,3715.9
10.431,2997.4,219.9,-0.084461,3717.1
10.437,2998.2,219.41,-0.084453,3718.3
10.444,2999,218.91,-0.084445,3719.4
10.45,2999.8,218.41,-0.084437,3720.6
10.456,3000.5,217.91,-0.084429,3721.8
10.462,3001.3,217.41,-0.084421,3723
10.469,3002.1,216.92,-0.084413,3724.2
10.475,3002.9,216.42,-0.084405,3725.4
10.481,3003.7,215.92,-0.084396,3726.6
10.488,3004.4,215.42,-0.084387,3727.8
10.494,3005.2,214.92,-0.084378,3729
10.501,3006,214.43,-0.084369,3730.3
10.507,3006.8,213.93,-0.08436,3731.5
10.514,3007.6,213.43,-0.08435,3732.7
10.52,3008.4,212.93,-0.084341,3733.9
10.527,3009.2,212.43,-0.084331,3735.1
10.533,3010,211.94,-0.084321,3736.4
10.54,3010.8,211.44,-0.084311,3737.6
10.547,3011.5,210.94,-0.084301,3738.8
10.553,3012.3,210.44,-0.08429,3740
10.56,3013.1,209.94,-0.084279,3741.3
10.567,3013.9,209.45,-0.084268,3742.5
10.573,3014.7,208.95,-0.084257,3743.8
10.58,3015.5,208.45,-0.084246,3745
10.587,3016.3,207.95,-0.084235,3746.3
10.594,3017.2,207.46,-0.084223,3747.5
10.601,3018,206.96,-0.084211,3748.8
10.608,3018.8,206.46,-0.084199,3750
10.615,3019.6,205.96,-0.084187,3751.3
10.622,3020.4,205.47,-0.084175,3752.6
10.629,3021.2,204.97,-0.084162,3753.8
10.636,3022,204.47,-0.084149,3755.1
10.643,3022.8,203.97,-0.084136,3756.4
10.65,3023.6,203.48,-0.084123,3757.6
10.657,3024.5,202.98,-0.084109,3758.9
10.664,3025.3,202.48,-0.084096,3760.2
10.671,3026.1,201.98,-0.084082,3761.5
10.679,3026.9,201.49,-0.084068,3762.8
10.686,3027.7,200.99,-0.084053,3764.1
10.693,3028.6,200.49,-0.084039,3765.4
10.7,3029.4,200,-0.084024,3766.7
10.708,3030.2,199.5,-0.084009,3768
10.715,3031.1,199,-0.083994,3769.3
10.723,3031.9,198.5,-0.083978,3770.6
10.73,3032.7,198.01,-0.083963,3771.9
10.738,3033.5,197.51,-0.083947,3773.2
10.745,3034.4,197.01,-0.083931,3774.5
10.753,3035.2,196.52,-0.083914,3775.9
10.76,3036.1,196.02,-0.083897,3777.2
10.768,3036.9,195.52,-0.08388,3778.5
10.776,3037.7,195.03,-0.083863,3779.9
10.783,3038.6,194.53,-0.083846,3781.2
10.791,3039.4,194.03,-0.083828,3782.5
10.799,3040.3,193.54,-0.08381,3783.9
10.807,3041.1,193.04,-0.083792,3785.2
10.815,3041.9,192.54,-0.083773,3786.6
10.823,3042.8,192.05,-0.083755,3787.9
10.831,3043.6,191.55,-0.083736,3789.3
10.839,3044.5,191.05,-0.083716,3790.6
10.847,3045.4,190.56,-0.083697,3792
10.855,3046.2,190.06,-0.083677,3793.4
10.863,3047.1,189.56,-0.083657,3794.7
10.871,3047.9,189.07,-0.083636,3796.1
10.879,3048.8,188.57,-0.083615,3797.5
10.887,3049.6,188.07,-0.083594,3798.9
10.896,3050.5,187.58,-0.083573,3800.3
10.904,3051.4,187.08,-0.083551,3801.6
10.912,3052.2,186.59,-0.083529,3803
10.921,3053.1,186.09,-0.083507,3804.4
10.929,3054,185.59,-0.083485,3805.8
10.937,3054.8,185.1,-0.083462,3807.2
10.946,3055.7,184.6,-0.083438,3808.6
10.954,3056.6,184.11,-0.083415,3810
10.963,3057.4,183.61,-0.083391,3811.5
10.972,3058.3,183.11,-0.083367,3812.9
10.98,3059.2,182.62,-0.083342,3814.3
10.989,3060.1,182.12,-0.083317,3815.7
10.998,3060.9,181.63,-0.083292,3817.2
11.007,3061.8,181.13,-0.083267,3818.6
11.015,3062.7,180.64,-0.083241,3820
11.024,3063.6,180.14,-0.083214,3821.5
11.033,3064.5,179.64,-0.083188,3822.9
11.042,3065.4,179.15,-0.083161,3824.4
11.051,3066.2,178.65,-0.083133,3825.8
11.06,3067.1,178.16,-0.083106,3827.3
11.069,3068,177.66,-0.083077,3828.7
11.079,3068.9,177.17,-0.083049,3830.2
11.088,3069.8,176.67,-0.08302,3831.7
11.097,3070.7,176.18,-0.082991,3833.1
11.106,3071.6,175.68,-0.082961,3834.6
11.116,3072.5,175.19,-0.082931,3836.1
11.125,3073.4,174.69,-0.0829,3837.6
11.135,3074.3,174.2,-0.082869,3839.1
11.144,3075.2,173.7,-0.082838,3840.6
11.154,3076.1,173.21,-0.082806,3842.1
11.163,3077,172.71,-0.082774,3843.6
11.173,3077.9,172.22,-0.082742,3845.1
11.182,3078.8,171.73,-0.082708,3846.6
11.192,3079.7,171.23,-0.082675,3848.1
11.202,3080.6,170.74,-0.082641,3849.6
11.212,3081.5,170.24,-0.082607,3851.1
11.222,3082.5,169.75,-0.082572,3852.7
11.232,3083.4,169.25,-0.082536,3854.2
11.242,3084.3,168.76,-0.082501,3855.7
11.252,3085.2,168.27,-0.082464,3857.3
11.262,3086.1,167.77,-0.082428,3858.8
11.272,3087,167.28,-0.08239,3860.4
11.282,3088,166.79,-0.082353,3861.9
11.292,3088.9,166.29,-0.082314,3863.5
11.303,3089.8,165.8,-0.082276,3865
11.313,3090.7,165.3,-0.082236,3866.6
11.324,3091.7,164.81,-0.082197,3868.2
11.334,3092.6,164.32,-0.082156,3869.7
11.345,3093.5,163.82,-0.082116,3871.3
11.355,3094.5,163.33,-0.082074,3872.9
11.366,3095.4,162.84,-0.082032,3874.5
11.377,3096.3,162.35,-0.08199,3876.1
11.387,3097.3,161.85,-0.081947,3877.7
11.398,3098.2,161.36,-0.081903,3879.3
11.409,3099.1,160.87,-0.081859,3880.9
11.42,3100.1,160.37,-0.081814,3882.5
11.431,3101,159.88,-0.081769,3884.1
11.442,3102,159.39,-0.081723,3885.8
11.453,3102.9,158.9,-0.081676,3887.4
11.464,3103.8,158.4,-0.081629,3889
11.476,3104.8,157.91,-0.081581,3890.7
11.487,3105.7,157.42,-0.081533,3892.3
11.498,3106.7,156.93,-0.081484,3893.9
11.51,3107.6,156.44,-0.081434,3895.6
11.521,3108.6,155.95,-0.081384,3897.2
11.533,3109.5,155.45,-0.081333,3898.9
11.544,3110.5,154.96,-0.081281,3900.6
11.556,3111.4,154.47,-0.081229,3902.2
11.568,3112.4,153.98,-0.081176,3903.9
11.58,3113.4,153.49,-0.081122,3905.6
11.592,3114.3,153,-0.081068,3907.3
11.603,3115.3,152.51,-0.081013,3909
11.616,3116.2,152.02,-0.080957,3910.7
11.628,3117.2,151.52,-0.0809,3912.4
11.64,3118.2,151.03,-0.080843,3914.1
11.652,3119.1,150.54,-0.080785,3915.8
11.664,3120.1,150.05,-0.080726,3917.5
11.677,3121.1,149.56,-0.080666,3919.2
11.689,3122,149.07,-0.080606,3921
11.702,3123,148.58,-0.080545,3922.7
11.714,3124,148.09,-0.080483,3924.4
11.727,3125,147.6,-0.08042,3926.2
11.74,3125.9,147.11,-0.080356,3927.9
11.752,3126.9,146.62,-0.080292,3929.7
11.765,3127.9,146.14,-0.080227,3931.4
11.778,3128.9,145.65,-0.080161,3933.2
11.791,3129.8,145.16,-0.080094,3935
11.804,3130.8,144.67,-0.080026,3936.8
11.817,3131.8,144.18,-0.079957,3938.5
11.831,3132.8,143.69,-0.079887,3940.3
11.844,3133.8,143.2,-0.079816,3942.1
11.857,3134.8,142.72,-0.079745,3943.9
11.871,3135.7,142.23,-0.079672,3945.7
11.884,3136.7,141.74,-0.079599,3947.5
11.898,3137.7,141.25,-0.079524,3949.4
11.912,3138.7,140.76,-0.079449,3951.2
11.926,3139.7,140.28,-0.079373,3953
11.939,3140.7,139.79,-0.079295,3954.8
11.953,3141.7,139.3,-0.079217,3956.7
11.967,3142.7,138.82,-0.079137,3958.5
11.982,3143.7,138.33,-0.079057,3960.4
11.996,3144.7,137.84,-0.078975,3962.2
12.01,3145.7,137.36,-0.078893,3964.1
12.024,3146.6,136.87,-0.078809,3966
12.039,3147.6,136.38,-0.078724,3967.8
12.053,3148.6,135.9,-0.078638,3969.7
12.068,3149.6,135.41,-0.078551,3971.6
12.083,3150.6,134.93,-0.078462,3973.5
12.098,3151.6,134.44,-0.078373,3975.4
12.112,3152.6,133.96,-0.078282,3977.3
12.127,3153.6,133.47,-0.078191,3979.2
12.143,3154.6,132.99,-0.078097,3981.1
12.158,3155.7,132.51,-0.078003,3983.1
12.173,3156.7,132.02,-0.077907,3985
12.188,3157.7,131.54,-0.077811,3986.9
12.204,3158.7,131.05,-0.077712,3988.9
12.219,3159.7,130.57,-0.077613,3990.8
12.235,3160.7,130.09,-0.077512,3992.8
12.251,3161.7,129.6,-0.07741,3994.7
12.267,3162.7,129.12,-0.077307,3996.7
12.283,3163.7,128.64,-0.077202,3998.7
12.299,3164.7,128.16,-0.077095,4000.7
12.315,3165.7,127.68,-0.076988,4002.7
12.331,3166.7,127.19,-0.076878,4004.6
12.347,3167.7,126.71,-0.076768,4006.6
12.364,3168.8,126.23,-0.076655,4008.7
12.38,3169.8,125.75,-0.076542,4010.7
12.397,3170.8,125.27,-0.076427,4012.7
12.414,3171.8,124.79,-0.07631,4014.7
12.431,3172.8,124.31,-0.076192,4016.8
12.447,3173.8,123.83,-0.076072,4018.8
12.465,3174.8,123.35,-0.07595,4020.9
12.482,3175.8,122.87,-0.075827,4022.9
12.499,3176.9,122.4,-0.075702,4025
12.516,3177.9,121.92,-0.075575,4027
12.534,3178.9,121.44,-0.075447,4029.1
12.551,3179.9,120.96,-0.075317,4031.2
12.569,3180.9,120.48,-0.075185,4033.3
12.587,3181.9,120.01,-0.075051,4035.4
12.605,3182.9,119.53,-0.074916,4037.5
12.623,3183.9,119.05,-0.074779,4039.6
12.641,3185,118.58,-0.074639,4041.7
12.659,3186,118.1,-0.074498,4043.9
12.678,3187,117.63,-0.074355,4046
12.696,3188,117.15,-0.07421,4048.1
12.715,3189,116.68,-0.074063,4050.3
12.734,3190,116.2,-0.073914,4052.4
12.753,3191,115.73,-0.073763,4054.6
12.772,3192,115.26,-0.07361,4056.8
12.791,3193.1,114.78,-0.073455,4059
12.81,3194.1,114.31,-0.073297,4061.1
12.829,3195.1,113.84,-0.073138,4063.3
12.849,3196.1,113.37,-0.072976,4065.5
12.869,3197.1,112.9,-0.072812,4067.7
12.888,3198.1,112.43,-0.072646,4070
12.908,3199.1,111.96,-0.072477,4072.2
12.928,3200.1,111.49,-0.072306,4074.4
12.948,3201.1,111.02,-0.072133,4076.7
12.969,3202.1,110.55,-0.071957,4078.9
12.989,3203.1,110.08,-0.071778,4081.2
13.01,3204.1,109.61,-0.071598,4083.4
13.03,3205.1,109.15,-0.071414,4085.7
13.051,3206.1,108.68,-0.071229,4088
13.072,3207.1,108.21,-0.07104,4090.3
13.093,3208.1,107.75,-0.070849,4092.6
13.114,3209.1,107.28,-0.070655,4094.9
13.136,3210.1,106.82,-0.070459,4097.2
13.157,3211.1,106.35,-0.07026,4099.5
13.179,3212.1,105.89,-0.070057,4101.8
13.201,3213.1,105.43,-0.069852,4104.1
13.223,3214.1,104.96,-0.069645,4106.5
13.245,3215.1,104.5,-0.069434,4108.8
13.267,3216.1,104.04,-0.06922,4111.2
13.289,3217,103.58,-0.069003,4113.6
13.312,3218,103.12,-0.068783,4115.9
13.334,3219,102.66,-0.06856,4118.3
13.357,3220,102.2,-0.068334,4120.7
13.38,3220.9,101.75,-0.068105,4123.1
13.403,3221.9,101.29,-0.067872,4125.5
13.426,3222.9,100.83,-0.067636,4127.9
13.45,3223.9,100.38,-0.067397,4130.4
13.473,3224.8,99.922,-0.067154,4132.8
13.497,3225.8,99.468,-0.066908,4135.2
13.521,3226.7,99.014,-0.066658,4137.7
13.545,3227.7,98.562,-0.066405,4140.2
13.569,3228.7,98.11,-0.066148,4142.6
13.594,3229.6,97.658,-0.065887,4145.1
13.618,3230.6,97.208,-0.065623,4147.6
13.643,3231.5,96.759,-0.065355,4150.1
13.668,3232.5,96.31,-0.065083,4152.6
13.693,3233.4,95.862,-0.064806,4155.1
13.718,3234.3,95.415,-0.064526,4157.6
13.743,3235.3,94.969,-0.064242,4160.1
13.769,3236.2,94.524,-0.063954,4162.7
13.795,3237.1,94.079,-0.063662,4165.2
13.821,3238,93.636,-0.063365,4167.8
13.847,3238.9,93.194,-0.063065,4170.3
13.873,3239.9,92.752,-0.062759,4172.9
13.899,3240.8,92.312,-0.06245,4175.5
13.926,3241.7,91.872,-0.062136,4178.1
13.952,3242.6,91.434,-0.061817,4180.7
13.979,3243.5,90.997,-0.061494,4183.3
14.006,3244.4,90.56,-0.061166,4185.9
14.034,3245.3,90.125,-0.060833,4188.5
14.061,3246.1,89.691,-0.060495,4191.1
14.089,3247,89.258,-0.060152,4193.8
14.117,3247.9,88.826,-0.059805,4196.4
14.145,3248.7,88.395,-0.059452,4199.1
14.173,3249.6,87.966,-0.059094,4201.7
14.201,3250.5,87.537,-0.058731,4204.4
14.23,3251.3,87.11,-0.058363,4207.1
14.259,3252.2,86.684,-0.057989,4209.8
14.288,3253,86.26,-0.05761,4212.5
14.317,3253.8,85.836,-0.057225,4215.2
14.346,3254.7,85.414,-0.056835,4217.9
14.376,3255.5,84.994,-0.056439,4220.7
14.405,3256.3,84.574,-0.056037,4223.4
14.435,3257.1,84.157,-0.055629,4226.1
14.465,3257.9,83.74,-0.055215,4228.9
14.496,3258.7,83.325,-0.054795,4231.7
14.526,3259.5,82.911,-0.054369,4234.4
14.557,3260.3,82.499,-0.053937,4237.2
14.588,3261,82.089,-0.053498,4240
14.619,3261.8,81.68,-0.053053,4242.8
14.65,3262.6,81.272,-0.052602,4245.6
14.682,3263.3,80.866,-0.052143,4248.4
14.713,3264.1,80.462,-0.051678,4251.3
14.745,3264.8,80.059,-0.051206,4254.1
14.777,3265.5,79.659,-0.050728,4256.9
14.81,3266.2,79.259,-0.050242,4259.8
14.842,3266.9,78.862,-0.049749,4262.7
14.875,3267.6,78.466,-0.049249,4265.5
14.908,3268.3,78.072,-0.048741,4268.4
14.941,3269,77.68,-0.048226,4271.3
14.974,3269.7,77.29,-0.047704,4274.2
15.008,3270.4,76.902,-0.047174,4277.1
15.042,3271,76.516,-0.046636,4280
15.076,3271.7,76.131,-0.04609,4282.9
15.11,3272.3,75.749,-0.045536,4285.8
15.144,3272.9,75.369,-0.044974,4288.8
15.179,3273.5,74.99,-0.044404,4291.7
15.214,3274.1,74.614,-0.043826,4294.7
15.249,3274.7,74.24,-0.043239,4297.6
15.284,3275.3,73.868,-0.042643,4300.6
15.32,3275.9,73.499,-0.042039,4303.6
15.355,3276.4,73.131,-0.041426,4306.6
15.391,3277,72.766,-0.040804,4309.6
15.427,3277.5,72.404,-0.040173,4312.6
15.464,3278,72.043,-0.039533,4315.6
15.5,3278.6,71.685,-0.038883,4318.6
15.537,3279.1,71.33,-0.038224,4321.6
15.574,3279.6,70.977,-0.037556,4324.7
15.612,3280,70.626,-0.036877,4327.7
15.649,3280.5,70.278,-0.036189,4330.8
15.687,3280.9,69.932,-0.035491,4333.8
15.725,3281.4,69.59,-0.034783,4336.9
15.763,3281.8,69.25,-0.034065,4340
15.801,3282.2,68.912,-0.033336,4343
15.84,3282.6,68.577,-0.032597,4346.1
15.879,3283,68.246,-0.031847,4349.2
15.918,3283.4,67.917,-0.031086,4352.3
15.957,3283.7,67.59,-0.030315,4355.4
15.996,3284.1,67.267,-0.029532,4358.5
16.036,3284.4,66.947,-0.028738,4361.7
16.076,3284.7,66.63,-0.027933,4364.8
16.116,3285,66.315,-0.027116,4367.9
16.157,3285.3,66.004,-0.026288,4371.1
16.197,3285.5,65.696,-0.025448,4374.2
16.238,3285.8,65.392,-0.024595,4377.4
16.279,3286,65.09,-0.023731,4380.6
16.32,3286.2,64.792,-0.022855,4383.7
16.362,3286.4,64.497,-0.021966,4386.9
16.404,3286.6,64.205,-0.021065,4390.1
16.446,3286.8,63.917,-0.020151,4393.3
16.488,3286.9,63.632,-0.019224,4396.5
16.53,3287,63.351,-0.018284,4399.7
16.573,3287.1,63.073,-0.017331,4402.9
16.616,3287.2,62.798,-0.016364,4406.1
16.659,3287.3,62.528,-0.015384,4409.3
16.702,3287.4,62.261,-0.01439,4412.6
16.746,3287.4,61.997,-0.013383,4415.8
16.79,3287.4,61.738,-0.012362,4419
16.834,3287.4,61.482,-0.011326,4422.3
16.878,3287.4,61.23,-0.010276,4425.5
16.922,3287.4,60.982,-0.0092117,4428.8
16.967,3287.3,60.737,-0.0081326,4432.1
17.012,3287.2,60.497,-0.0070387,4435.3
17.057,3287.1,60.261,-0.0059298,4438.6
17.103,3287,60.028,-0.0048057,4441.9
17.148,3286.9,59.8,-0.0036662,4445.2
17.194,3286.7,59.576,-0.0025112,4448.4
17.24,3286.6,59.356,-0.0013405,4451.7
17.286,3286.4,59.14,-1.54E-04,4455
17.333,3286.1,58.928,0.0010488,4458.3
17.38,3285.9,58.721,0.0022677,4461.6
17.427,3285.6,58.518,0.0035032,4465
17.474,3285.4,58.319,0.0047552,4468.3
17.521,3285,58.124,0.0060241,4471.6
17.569,3284.7,57.934,0.00731,4474.9
17.617,3284.4,57.748,0.0086131,4478.3
17.665,3284,57.567,0.0099336,4481.6
17.713,3283.6,57.39,0.011272,4484.9
17.762,3283.2,57.217,0.012628,4488.3
17.81,3282.7,57.049,0.014002,4491.6
17.859,3282.3,56.886,0.015394,4495
17.909,3281.8,56.727,0.016804,4498.3
17.958,3281.2,56.573,0.018233,4501.7
18.008,3280.7,56.423,0.019682,4505
18.058,3280.1,56.278,0.021149,4508.4
18.108,3279.5,56.138,0.022635,4511.8
18.158,3278.9,56.002,0.024141,4515.1
18.209,3278.3,55.871,0.025666,4518.5
18.26,3277.6,55.745,0.027212,4521.9
18.311,3276.9,55.623,0.028777,4525.3
18.362,3276.2,55.507,0.030363,4528.7
18.414,3275.5,55.395,0.03197,4532.1
18.465,3274.7,55.287,0.033597,4535.5
18.517,3273.9,55.185,0.035246,4538.9
18.57,3273.1,55.087,0.036916,4542.3
18.622,3272.2,54.994,0.038607,4545.7
18.675,3271.4,54.906,0.040321,4549.1
18.728,3270.5,54.822,0.042056,4552.5
18.781,3269.5,54.744,0.043814,4555.9
18.834,3268.6,54.67,0.045595,4559.3
18.888,3267.6,54.601,0.047398,4562.7
18.942,3266.6,54.536,0.049224,4566.2
18.996,3265.5,54.477,0.051074,4569.6
19.05,3264.4,54.422,0.052948,4573
19.105,3263.3,54.372,0.054846,4576.4
19.16,3262.2,54.327,0.056768,4579.9
19.215,3261,54.287,0.058714,4583.3
19.271,3259.8,54.251,0.060686,4586.8
19.326,3258.6,54.22,0.062682,4590.2
19.382,3257.4,54.194,0.064705,4593.7
19.438,3256.1,54.172,0.066753,4597.1
19.495,3254.8,54.156,0.068827,4600.6
19.551,3253.4,54.143,0.070928,4604
19.608,3252,54.136,0.073055,4607.5
19.666,3250.6,54.133,0.07521,4610.9
19.723,3249.2,54.135,0.077392,4614.4
19.781,3247.7,54.141,0.079602,4617.9
19.839,3246.2,54.152,0.081841,4621.4
19.897,3244.7,54.167,0.084108,4624.8
19.956,3243.1,54.187,0.086404,4628.3
20.015,3241.5,54.212,0.08873,4631.8
20.074,3239.8,54.24,0.091085,4635.3
20.133,3238.2,54.274,0.093471,4638.8
20.193,3236.4,54.311,0.095888,4642.3
20.253,3234.7,54.353,0.098335,4645.8
20.314,3232.9,54.4,0.10081,4649.3
20.374,3231.1,54.45,0.10333,4652.8
20.435,3229.2,54.505,0.10587,4656.3
20.497,3227.3,54.564,0.10845,4659.8
20.558,3225.4,54.627,0.11105,4663.3
20.62,3223.4,54.695,0.1137,4666.8
20.682,3221.4,54.766,0.11638,4670.4
20.745,3219.4,54.841,0.11909,4673.9
20.808,3217.3,54.921,0.12184,4677.4
20.871,3215.2,55.004,0.12462,4681
20.935,3213,55.092,0.12744,4684.5
20.999,3210.8,55.183,0.1303,4688.1
21.063,3208.6,55.278,0.1332,4691.6
21.128,3206.3,55.377,0.13613,4695.2
21.193,3204,55.48,0.13911,4698.8
21.258,3201.6,55.586,0.14212,4702.3
21.324,3199.2,55.696,0.14517,4705.9
21.39,3196.7,55.81,0.14827,4709.5
21.457,3194.2,55.927,0.1514,4713.1
21.524,3191.7,56.047,0.15458,4716.7
21.592,3189.1,56.172,0.1578,4720.3
21.659,3186.5,56.299,0.16106,4723.9
21.728,3183.8,56.43,0.16437,4727.5
21.797,3181.1,56.564,0.16773,4731.1
21.866,3178.3,56.702,0.17113,4734.7
21.935,3175.4,56.842,0.17457,4738.4
22.005,3172.6,56.986,0.17807,4742
22.076,3169.6,57.133,0.18161,4745.7
22.147,3166.7,57.283,0.18521,4749.3
22.219,3163.6,57.436,0.18885,4753
22.291,3160.6,57.592,0.19255,4756.6
22.363,3157.4,57.751,0.19629,4760.3
22.436,3154.2,57.913,0.2001,4764
22.51,3151,58.077,0.20395,4767.7
22.584,3147.7,58.245,0.20786,4771.4
22.659,3144.3,58.415,0.21183,4775.1
22.734,3140.9,58.587,0.21586,4778.8
22.81,3137.4,58.763,0.21994,4782.6
22.886,3133.9,58.94,0.22409,4786.3
22.964,3130.3,59.121,0.2283,4790.1
23.041,3126.7,59.303,0.23256,4793.8
23.12,3122.9,59.488,0.2369,4797.6
23.199,3119.1,59.676,0.2413,4801.4
23.278,3115.3,59.865,0.24576,4805.2
23.359,3111.4,60.057,0.2503,4809
23.44,3107.4,60.251,0.2549,4812.8
23.521,3103.3,60.447,0.25958,4816.6
23.604,3099.2,60.645,0.26433,4820.5
23.687,3095,60.846,0.26916,4824.3
23.771,3090.7,61.048,0.27406,4828.2
23.856,3086.4,61.252,0.27904,4832.1
23.942,3081.9,61.457,0.2841,4836
24.028,3077.4,61.665,0.28924,4839.9
24.115,3072.8,61.874,0.29447,4843.8
24.204,3068.1,62.085,0.29978,4847.8
24.293,3063.4,62.298,0.30518,4851.7
24.383,3058.5,62.512,0.31068,4855.7
24.474,3053.6,62.727,0.31626,4859.7
24.566,3048.6,62.944,0.32194,4863.7
24.659,3043.5,63.163,0.32772,4867.7
24.753,3038.2,63.383,0.3336,4871.8
24.848,3032.9,63.603,0.33959,4875.8
24.944,3027.5,63.826,0.34568,4879.9
25.042,3022,64.049,0.35188,4884
25.14,3016.4,64.273,0.35819,4888.2
25.24,3010.6,64.499,0.36462,4892.3
25.341,3004.8,64.725,0.37117,4896.5
25.443,2998.8,64.952,0.37784,4900.6
25.547,2992.7,65.18,0.38464,4904.9
25.652,2986.5,65.409,0.39157,4909.1
25.758,2980.2,65.638,0.39863,4913.3
25.866,2973.7,65.868,0.40583,4917.6
25.975,2967.1,66.099,0.41317,4921.9
26.086,2960.4,66.33,0.42066,4926.3
26.198,2953.5,66.562,0.4283,4930.6
26.313,2946.5,66.794,0.4361,4935
26.428,2939.4,67.026,0.44406,4939.5
26.546,2932,67.258,0.45219,4943.9
26.666,2924.5,67.49,0.46049,4948.4
26.787,2916.9,67.723,0.46898,4952.9
26.911,2909.1,67.955,0.47765,4957.5
27.036,2901.1,68.188,0.48651,4962
27.164,2892.9,68.422,0.49557,4966.7
27.294,2884.5,68.657,0.50484,4971.3
27.426,2875.9,68.89,0.51432,4976
27.56,2867.2,69.124,0.52403,4980.8
27.698,2858.2,69.356,0.53397,4985.5
27.837,2849,69.587,0.54414,4990.4
27.98,2839.5,69.817,0.55457,4995.2
28.125,2829.8,70.047,0.56526,5000.1
28.273,2819.9,70.275,0.57622,5005.1
28.425,2809.7,70.501,0.58747,5010.1
28.579,2799.2,70.726,0.599,5015.1
28.737,2788.5,70.95,0.61085,5020.2
28.899,2777.5,71.171,0.62302,5025.4
29.064,2766.1,71.391,0.63552,5030.6
29.233,2754.5,71.608,0.64837,5035.9
29.406,2742.5,71.824,0.66159,5041.2
29.583,2730.1,72.036,0.6752,5046.6
29.765,2717.4,72.247,0.68921,5052.1
29.952,2704.3,72.454,0.70364,5057.6
30.143,2690.7,72.658,0.71852,5063.2
30.34,2676.8,72.859,0.73386,5068.9
30.542,2662.4,73.057,0.7497,5074.6
30.751,2647.5,73.251,0.76605,5080.5
30.965,2632.1,73.441,0.78295,5086.4
31.186,2616.2,73.627,0.80043,5092.4
31.413,2599.8,73.808,0.81852,5098.5
31.649,2582.7,73.985,0.83724,5104.7
31.892,2565,74.156,0.85665,5111
32.143,2546.7,74.322,0.87678,5117.4
32.403,2527.6,74.482,0.89768,5123.9
32.672,2507.8,74.636,0.91938,5130.5
32.951,2487.3,74.784,0.94195,5137.3
33.242,2465.8,74.924,0.96544,5144.2
33.543,2443.4,75.057,0.9899,5151.2
33.857,2420.1,75.182,1.0154,5158.3
34.184,2395.8,75.299,1.042,5165.6
34.525,2370.3,75.406,1.0698,5173.1
34.882,2343.6,75.504,1.0989,5180.7
35.255,2315.7,75.591,1.1294,5188.5
35.645,2286.3,75.666,1.1613,5196.4
36.055,2255.5,75.73,1.1947,5204.6
36.485,2223.1,75.78,1.2299,5213
36.938,2189,75.818,1.2668,5221.5
37.415,2153.1,75.84,1.3057,5230.3
37.915,2115.3,75.848,1.3464,5239.3
38.415,2077.6,75.839,1.387,5248
38.915,2039.8,75.816,1.4275,5256.5
39.415,2002.1,75.778,1.4679,5264.8
39.915,1964.3,75.729,1.5082,5272.9
40.415,1926.6,75.669,1.5483,5280.7
40.915,1889,75.6,1.5883,5288.4
41.415,1851.3,75.523,1.6282,5295.9
41.915,1813.7,75.438,1.6679,5303.3
42.415,1776.1,75.346,1.7075,5310.5
42.915,1738.6,75.247,1.7468,5317.5
43.415,1701.1,75.143,1.786,5324.4
43.915,1663.6,75.035,1.8251,5331.1
44.415,1626.3,74.923,1.8639,5337.7
44.915,1588.9,74.807,1.9026,5344.2
45.415,1551.7,74.689,1.9411,5350.6
45.915,1514.4,74.568,1.9793,5356.9
46.415,1477.3,74.445,2.0174,5363
46.915,1440.2,74.321,2.0554,5369
47.415,1403.1,74.196,2.0931,5375
47.915,1366.2,74.07,2.1306,5380.8
48.415,1329.2,73.943,2.168,5386.6
48.915,1292.4,73.815,2.2051,5392.2
49.415,1255.6,73.685,2.2421,5397.8
49.915,1218.9,73.554,2.2789,5403.3
50.415,1182.2,73.423,2.3154,5408.7
50.915,1145.6,73.292,2.3518,5414
51.415,1109.1,73.16,2.3881,5419.3
51.915,1072.6,73.028,2.4241,5424.5
52.415,1036.2,72.897,2.4599,5429.6
52.915,999.88,72.766,2.4956,5434.7
53.415,963.6,72.635,2.5311,5439.6
53.915,927.39,72.505,2.5664,5444.6
54.415,891.25,72.375,2.6015,5449.4
54.915,855.17,72.249,2.6365,5454.2
55.415,819.15,72.125,2.6712,5459
55.915,783.2,72.001,2.7058,5463.6
56.415,747.31,71.876,2.7403,5468.2
56.915,711.49,71.751,2.7745,5472.7
57.415,675.73,71.626,2.8086,5477.1
57.915,640.04,71.501,2.8425,5481.5
58.415,604.41,71.376,2.8763,5485.7
58.915,568.84,71.251,2.9098,5489.8
59.415,533.34,71.126,2.9432,5493.9
59.915,497.9,71.002,2.9765,5497.8
60.415,462.53,70.879,3.0095,5501.6
60.915,427.21,70.756,3.0424,5505.3
61.415,391.96,70.634,3.0751,5508.9
61.415,391.94,70.512,3.0751,5508.9
61.415,391.91,70.012,3.0752,5508.9
61.416,391.88,69.512,3.0752,5508.9
61.416,391.86,69.012,3.0752,5508.9
61.416,391.83,68.512,3.0752,5508.9
61.417,391.8,68.012,3.0753,5508.9
61.417,391.77,67.512,3.0753,5509
61.418,391.75,67.012,3.0753,5509
61.418,391.72,66.512,3.0753,5509
61.419,391.69,66.012,3.0754,5509
61.419,391.66,65.512,3.0754,5509
61.419,391.63,65.012,3.0754,5509
61.42,391.6,64.512,3.0754,5509
61.42,391.57,64.012,3.0755,5509
61.421,391.55,63.512,3.0755,5509
61.421,391.52,63.012,3.0755,5509
61.422,391.49,62.512,3.0756,5509
61.422,391.46,62.012,3.0756,5509
61.423,391.43,61.512,3.0756,5509
61.423,391.4,61.012,3.0756,5509
61.424,391.36,60.512,3.0757,5509
61.424,391.33,60.012,3.0757,5509
61.425,391.3,59.512,3.0757,5509
61.425,391.27,59.012,3.0758,5509
61.426,391.24,58.512,3.0758,5509
61.426,391.21,58.012,3.0758,5509
61.427,391.17,57.512,3.0758,5509
61.428,391.14,57.012,3.0759,5509
61.428,391.11,56.512,3.0759,5509
61.429,391.07,56.013,3.0759,5509
61.429,391.04,55.513,3.076,5509
61.43,391.01,55.013,3.076,5509
61.431,390.97,54.513,3.076,5509
61.431,390.94,54.013,3.0761,5509
61.432,390.9,53.513,3.0761,5509
61.433,390.87,53.013,3.0761,5509.1
61.433,390.83,52.513,3.0762,5509.1
61.434,390.8,52.013,3.0762,5509.1
61.435,390.76,51.513,3.0762,5509.1
61.435,390.72,51.013,3.0763,5509.1
61.436,390.69,50.513,3.0763,5509.1
61.437,390.65,50.013,3.0763,5509.1
61.438,390.61,49.513,3.0764,5509.1
61.438,390.57,49.013,3.0764,5509.1
61.439,390.53,48.513,3.0764,5509.1
61.44,390.5,48.013,3.0765,5509.1
61.441,390.46,47.513,3.0765,5509.1
61.442,390.42,47.013,3.0765,5509.1
61.443,390.38,46.513,3.0766,5509.1
61.444,390.33,46.013,3.0766,5509.1
61.444,390.29,45.513,3.0767,5509.1
61.445,390.25,45.013,3.0767,5509.1
61.446,390.21,44.513,3.0767,5509.1
61.447,390.17,44.013,3.0768,5509.1
61.448,390.12,43.513,3.0768,5509.1
61.449,390.08,43.013,3.0769,5509.2
61.45,390.04,42.513,3.0769,5509.2
61.451,389.99,42.013,3.0769,5509.2
61.453,389.95,41.513,3.077,5509.2
61.454,389.9,41.013,3.077,5509.2
61.455,389.85,40.513,3.0771,5509.2
61.456,389.81,40.013,3.0771,5509.2
61.457,389.76,39.513,3.0772,5509.2
61.459,389.71,39.013,3.0772,5509.2
61.46,389.66,38.513,3.0772,5509.2
61.461,389.61,38.013,3.0773,5509.2
61.462,389.56,37.513,3.0773,5509.2
61.464,389.51,37.013,3.0774,5509.2
61.465,389.46,36.513,3.0774,5509.2
61.467,389.41,36.013,3.0775,5509.3
61.468,389.35,35.513,3.0775,5509.3
61.47,389.3,35.013,3.0776,5509.3
61.471,389.24,34.513,3.0776,5509.3
61.473,389.19,34.013,3.0777,5509.3
61.475,389.13,33.513,3.0777,5509.3
61.477,389.07,33.013,3.0778,5509.3
61.478,389.01,32.513,3.0778,5509.3
61.48,388.95,32.013,3.0779,5509.3
61.482,388.89,31.513,3.0779,5509.3
61.484,388.83,31.013,3.078,5509.3
61.486,388.77,30.513,3.0781,5509.4
61.488,388.71,30.013,3.0781,5509.4
61.491,388.64,29.513,3.0782,5509.4
61.493,388.57,29.013,3.0782,5509.4
61.495,388.51,28.513,3.0783,5509.4
61.498,388.44,28.013,3.0784,5509.4
61.5,388.37,27.514,3.0784,5509.4
61.503,388.3,27.014,3.0785,5509.4
61.506,388.22,26.514,3.0786,5509.5
61.509,388.15,26.014,3.0786,5509.5
61.512,388.07,25.514,3.0787,5509.5
61.515,387.99,25.014,3.0788,5509.5
61.518,387.91,24.514,3.0788,5509.5
61.522,387.83,24.014,3.0789,5509.5
61.525,387.75,23.514,3.079,5509.6
61.529,387.66,23.014,3.0791,5509.6
61.533,387.58,22.514,3.0792,5509.6
61.537,387.49,22.014,3.0792,5509.6
61.541,387.39,21.514,3.0793,5509.6
61.546,387.3,21.014,3.0794,5509.7
61.551,387.2,20.514,3.0795,5509.7
61.556,387.1,20.014,3.0796,5509.7
61.561,387,19.514,3.0797,5509.7
61.567,386.89,19.014,3.0798,5509.7
61.573,386.78,18.514,3.0799,5509.8
61.58,386.67,18.014,3.08,5509.8
61.586,386.55,17.514,3.0801,5509.8
61.594,386.42,17.014,3.0802,5509.9
61.602,386.3,16.514,3.0803,5509.9
61.61,386.16,16.014,3.0804,5509.9
61.619,386.03,15.514,3.0805,5510
61.629,385.88,15.015,3.0807,5510
61.64,385.73,14.515,3.0808,5510.1
61.651,385.57,14.015,3.0809,5510.1
61.664,385.4,13.515,3.0811,5510.2
61.678,385.22,13.015,3.0812,5510.2
61.693,385.03,12.515,3.0814,5510.3
61.71,384.83,12.015,3.0816,5510.4
61.73,384.62,11.515,3.0817,5510.5
61.751,384.38,11.015,3.0819,5510.6
61.776,384.13,10.515,3.0821,5510.7
61.805,383.84,10.016,3.0824,5510.8
61.84,383.53,9.5158,3.0826,5510.9
61.881,383.16,9.0161,3.0829,5511.1
61.932,382.74,8.5164,3.0832,5511.3
61.998,382.23,8.0169,3.0835,5511.6
62.09,381.56,7.5176,3.0839,5511.9
62.233,380.59,7.0186,3.0844,5512.5
62.53,378.73,6.5205,3.0851,5513.7
63.03,375.71,6.0258,3.0858,5515.6
63.53,372.7,6.0298,3.0862,5517.4
64.03,369.69,6.0259,3.0865,5519.3
64.53,366.67,6.0269,3.0868,5521.1
65.03,363.66,6.0248,3.0871,5523
65.53,360.65,6.0246,3.0875,5524.8
66.03,357.64,6.0233,3.0878,5526.6
66.53,354.63,6.0226,3.0881,5528.4
67.03,351.62,6.0216,3.0884,5530.2
67.53,348.61,6.0208,3.0887,5532
68.03,345.6,6.0198,3.089,5533.7
68.53,342.59,6.019,3.0893,5535.5
69.03,339.58,6.018,3.0896,5537.2
69.53,336.57,6.0172,3.0899,5539
70.03,333.56,6.0163,3.0902,5540.7
70.53,330.56,6.0154,3.0906,5542.4
71.03,327.55,6.0145,3.0909,5544.1
71.53,324.54,6.0136,3.0912,5545.7
72.03,321.54,6.0127,3.0915,5547.4
72.53,318.53,6.0118,3.0918,5549.1
73.03,315.52,6.0109,3.0921,5550.7
73.53,312.52,6.01,3.0924,5552.3
74.03,309.52,6.0091,3.0927,5554
74.53,306.51,6.0083,3.093,5555.6
75.03,303.51,6.0074,3.0933,5557.2
75.53,300.51,6.0065,3.0936,5558.7
76.03,297.5,6.0056,3.0939,5560.3
76.53,294.5,6.0047,3.0942,5561.9
77.03,291.5,6.0038,3.0945,5563.4
77.53,288.5,6.0029,3.0948,5564.9
78.03,285.5,6.0021,3.0951,5566.5
78.53,282.5,6.0012,3.0953,5568
79.03,279.5,6.0003,3.0956,5569.5
79.53,276.5,5.9994,3.0959,5571
80.03,273.5,5.9985,3.0962,5572.4
80.53,270.5,5.9976,3.0965,5573.9
81.03,267.5,5.9968,3.0968,5575.4
81.53,264.5,5.9959,3.0971,5576.8
82.03,261.51,5.995,3.0974,5578.2
82.53,258.51,5.9941,3.0977,5579.6
83.03,255.51,5.9933,3.098,5581
83.53,252.52,5.9924,3.0982,5582.4
84.03,249.52,5.9915,3.0985,5583.8
84.53,246.53,5.9906,3.0988,5585.2
85.03,243.53,5.9898,3.0991,5586.5
85.53,240.54,5.9889,3.0994,5587.9
86.03,237.54,5.988,3.0997,5589.2
86.53,234.55,5.9871,3.0999,5590.5
87.03,231.56,5.9863,3.1002,5591.8
87.53,228.57,5.9854,3.1005,5593.1
88.03,225.57,5.9845,3.1008,5594.4
88.53,222.58,5.9837,3.1011,5595.7
89.03,219.59,5.9828,3.1013,5596.9
89.53,216.6,5.9819,3.1016,5598.2
90.03,213.61,5.981,3.1019,5599.4
90.53,210.62,5.9802,3.1022,5600.6
91.03,207.63,5.9793,3.1024,5601.9
91.53,204.64,5.9784,3.1027,5603.1
92.03,201.65,5.9776,3.103,5604.2
92.53,198.67,5.9767,3.1033,5605.4
93.03,195.68,5.9759,3.1035,5606.6
93.53,192.69,5.975,3.1038,5607.7
94.03,189.7,5.9741,3.1041,5608.9
94.53,186.72,5.9733,3.1044,5610
95.03,183.73,5.9724,3.1046,5611.1
95.53,180.75,5.9715,3.1049,5612.2
96.03,177.76,5.9707,3.1052,5613.3
96.53,174.78,5.9698,3.1054,5614.4
97.03,171.79,5.969,3.1057,5615.5
97.53,168.81,5.9681,3.106,5616.5
98.03,165.82,5.9672,3.1062,5617.6
98.53,162.84,5.9664,3.1065,5618.6
99.03,159.86,5.9655,3.1067,5619.6
99.53,156.88,5.9647,3.107,5620.6
100.03,153.9,5.9638,3.1073,5621.6
100.53,150.91,5.963,3.1075,5622.6
101.03,147.93,5.9621,3.1078,5623.6
101.53,144.95,5.9613,3.1081,5624.5
102.03,141.97,5.9604,3.1083,5625.5
102.53,138.99,5.9595,3.1086,5626.4
103.03,136.01,5.9587,3.1088,5627.3
103.53,133.04,5.9578,3.1091,5628.2
104.03,130.06,5.957,3.1093,5629.1
104.53,127.08,5.9561,3.1096,5630
105.03,124.1,5.9553,3.1099,5630.9
105.53,121.13,5.9544,3.1101,5631.8
106.03,118.15,5.9536,3.1104,5632.6
106.53,115.17,5.9528,3.1106,5633.5
107.03,112.2,5.9519,3.1109,5634.3
107.53,109.22,5.9511,3.1111,5635.1
108.03,106.25,5.9502,3.1114,5635.9
108.53,103.27,5.9494,3.1116,5636.7
109.03,100.3,5.9485,3.1119,5637.5
109.53,97.325,5.9477,3.1121,5638.3
110.03,94.352,5.9468,3.1124,5639
110.53,91.379,5.946,3.1126,5639.8
111.03,88.406,5.9451,3.1128,5640.5
111.53,85.435,5.9443,3.1131,5641.2
112.03,82.463,5.9435,3.1133,5641.9
112.53,79.492,5.9426,3.1136,5642.6
113.03,76.521,5.9418,3.1138,5643.3
113.53,73.551,5.9409,3.1141,5644
114.03,70.581,5.9401,3.1143,5644.7
114.53,67.612,5.9393,3.1145,5645.3
115.03,64.643,5.9384,3.1148,5646
115.53,61.674,5.9376,3.115,5646.6
116.03,58.706,5.9368,3.1153,5647.2
116.53,55.739,5.9359,3.1155,5647.8
117.03,52.771,5.9351,3.1157,5648.4
117.53,49.804,5.9342,3.116,5649
118.03,46.838,5.9334,3.1162,5649.5
118.53,43.872,5.9326,3.1164,5650.1
119.03,40.906,5.9317,3.1167,5650.6
119.53,37.941,5.9309,3.1169,5651.2
120.03,34.976,5.9301,3.1171,5651.7
120.53,32.012,5.9293,3.1174,5652.2
121.03,29.048,5.9284,3.1176,5652.7
121.53,26.084,5.9276,3.1178,5653.2
122.03,23.121,5.9268,3.1181,5653.6
122.53,20.158,5.9259,3.1183,5654.1
123.03,17.196,5.9251,3.1185,5654.6
123.53,14.234,5.9243,3.1188,5655
124.03,11.273,5.9234,3.119,5655.4
124.53,8.3117,5.9226,3.1192,5655.8
125.03,5.351,5.9218,3.1194,5656.2
125.53,2.3908,5.921,3.1197,5656.6
126.03,-0.56903,5.9201,3.1199,5657
